{
    "lesbica": "🏳️‍🌈💕 #nome# tem #level#% de energia lésbica! Representatividade que brilha! 🌟👸",
    "burra": "🦄🎀 #nome# tem #level#% de loirismo premium! Mas a inteligência emocional compensa! 💅😂",
    "inteligente": "🧠👑 #nome# tem #level#% de genialidade feminina! Cérebro que intimida! 🎓✨",
    "otaku": "🌸⚔️ #nome# tem #level#% de otaku girl! Waifu da vida real! 🎌💖",
    "fiel": "💎💒 #nome# tem #level#% de fidelidade diamante! Parceira para todas as vidas! 👰‍♀️💕",
    "infiel": "💋🦋 #nome# tem #level#% de espírito livre! Coração não tem dono mesmo... 🌙😈",
    "corna": "🐮👸 #nome# tem #level#% de chance de ser corna! Mas rainha sempre! 👑💔",
    "gado": "🐄💘 #nome# tem #level#% de gadice apaixonada! Amor move montanhas! 🏔️💝",
    "gostosa": "🔥👸 #nome# tem #level#% de gostosura divina! Deusa entre mortais! 💃✨",
    "feia": "🌺🦆 #nome# tem #level#% de beleza interior! Carisma que conquista! 💫😅",
    "rica": "💎🛍️ #nome# tem #level#% de riqueza! Empresária nata! 👑💰",
    "pobre": "🌻💸 #nome# tem #level#% de simplicidade! Mas rica em personalidade! 🦋💕",
    "bucetuda": "🍑🏆 #nome# tem #level#% de sensualidade natural! Dádiva da natureza! 👸🔥",
    "nazista": "🚫⚖️ #nome# tem #level#% de nazismo! Inaceitável em qualquer porcentagem! 💀🛑",
    "ladra": "🦹‍♀️💎 #nome# tem #level#% de ladrilagem elegante! Robin Hood fashion! 💅😏",
    "safada": "😈💋 #nome# tem #level#% de safadeza refinada! Arte da sedução! 🎭🔥",
    "vesga": "👀🦋 #nome# tem #level#% de visão alternativa! Enxerga além do óbvio! 🔮😂",
    "bebada": "🍷👑 #nome# tem #level#% de alegria etílica! Rainha da happy hour! 🎉🥂",
    "machista": "🚫👸 #nome# tem #level#% de machismo! Empoderamento é o caminho! 💪🌺",
    "homofobica": "🏳️‍🌈🚫 #nome# tem #level#% de homofobia! Amor não tem gênero! ❤️🌈",
    "racista": "✊🏿💜 #nome# tem #level#% de racismo! Diversidade é beleza! 🌍🦋",
    "chata": "💅😴 #nome# tem #level#% de chatice! Drama queen em ação! 🎭👑",
    "sortuda": "🍀✨ #nome# tem #level#% de sorte mágica! Fada madrinha protege! 🧚‍♀️💫",
    "sorte": "🔮🌟 #nome# tem #level#% de energia da fortuna! Os astros brilham para ela! ✨🦋",
    "azarada": "🌧️💔 #nome# tem #level#% de azar temporário! Logo vem a primavera! 🌸🌈",
    "forte": "💪👸 #nome# tem #level#% de força guerreira! Mulher maravilha da vida real! ⚔️✨",
    "fraca": "🌸🦋 #nome# tem #level#% de delicadeza! Sensibilidade é superpoder! 💕🌺",
    "pegadora": "💘👑 #nome# tem #level#% de pegação premium! Queridinha geral! 😍💋",
    "otaria": "🌸🤡 #nome# tem #level#% de inocência fofa! Pureza que encanta! 💕😂",
    "boba": "🦄💕 #nome# tem #level#% de bobice angelical! Doçura pura! 👼🌈",
    "nerd": "🤓👑 #nome# tem #level#% de nerdice chic! Intelectual fashion! 📚💎",
    "preguicosa": "😴🛍️ #nome# tem #level#% de preguiça de princesa! Relaxamento é autocuidado! 💅✨",
    "trabalhadora": "💼👑 #nome# tem #level#% de dedicação! CEO em construção! 📈💪",
    "braba": "🔥👸 #nome# tem #level#% de brabeza! Não mexe com a fera! 🐅💥",
    "linda": "💎🌹 #nome# tem #level#% de beleza celestial! Anjo na Terra! 👼✨",
    "malandra": "😎👸 #nome# tem #level#% de malandragem feminina! Esperteza de rainha! 🧠💅",
    "simpatica": "🌻😊 #nome# tem #level#% de simpatia contagiante! Sol em pessoa! ☀️💕",
    "engracada": "😂🎪 #nome# tem #level#% de humor feminino! Comediante nata! 🎭👑",
    "charmosa": "💋✨ #nome# tem #level#% de charme irresistível! Sedução em pessoa! 😏💎",
    "misteriosa": "🔮👸 #nome# tem #level#% de mistério fascinante! Enigma feminino! 🌙🦋",
    "carinhosa": "💕🤗 #nome# tem #level#% de carinho maternal! Coração gigante! 👼💖",
    "desumilde": "👑💅 #nome# tem #level#% de desumildade! Diva mode ativado! 💎😤",
    "humilde": "🌻🙏 #nome# tem #level#% de humildade angelical! Simplicidade que inspira! ✨💕",
    "ciumenta": "💚👸 #nome# tem #level#% de ciúmes passional! Amor possessivo! 😠💘",
    "corajosa": "🦸‍♀️⚔️ #nome# tem #level#% de coragem amazona! Guerreira invencível! 💪🌟",
    "covarde": "🐰💕 #nome# tem #level#% de cautela feminina! Prudência é sabedoria! 🌸😰",
    "esperta": "🧠💅 #nome# tem #level#% de esperteza feminina! Inteligência que seduz! 😉💎",
    "talarica": "🐍👸 #nome# tem #level#% de talaricagem profissional! Perigosa e irresistível! 💋😈",
    "chorona": "😭💧 #nome# tem #level#% de sensibilidade aquática! Lágrimas de sereia! 🧜‍♀️💔",
    "brincalhona": "🎪👸 #nome# tem #level#% de espírito infantil! Eterna Peter Pan! 🧚‍♀️😂",
    "bolsonarista": "🇧🇷💅 #nome# tem #level#% de bolsonarismo! Opinião de direita registrada! ✌️👑",
    "petista": "🌹💄 #nome# tem #level#% de petismo! Esquerda feminina! 💚❤️",
    "comunista": "🚩👸 #nome# tem #level#% de comunismo! Revolução de salto alto! ⚔️💅",
    "lulista": "🐙💋 #nome# tem #level#% de lulismo! Política com estilo! 💄📢",
    "traidora": "🔪👸 #nome# tem #level#% de traição feminina! Perigosa como uma víbora! 🐍💋",
    "bandida": "🏴‍☠️💎 #nome# tem #level#% de bandidagem chique! Pirata fashion! ⚔️👑",
    "cachorra": "🐶💕 #nome# tem #level#% de lealdade canina! Melhor amiga forever! 🐾💖",
    "vagabunda": "💤👸 #nome# tem #level#% de vida mansa! Princesa do relaxamento! 🛋️💅",
    "pilantra": "🕵️‍♀️💎 #nome# tem #level#% de pilantragem elegante! Golpista de luxo! 🎭💰",
    "mito": "🤯👑 #nome# tem #level#% de status lendário! Ícone feminino! ⚡💎",
    "padrao": "🏆💄 #nome# tem #level#% de padrão premium! Top model da vida! 👸✨",
    "comedia": "😂🎭 #nome# tem #level#% de comédia feminina! Stand-up queen! 🎤👑",
    "psicopata": "🔪😈 #nome# tem #level#% de psicopatia! Perigosa e fascinante! 👁️💋",
    "fortona": "💪🏆 #nome# tem #level#% de força bruta feminina! Amazona moderna! ⚔️👸",
    "magrela": "🦴🦋 #nome# tem #level#% de leveza angelical! Delicadeza em pessoa! 🌸💨",
    "bombada": "🏋️‍♀️💎 #nome# tem #level#% de corpo escultural! Deusa fitness! 💪✨",
    "chefe": "👑💼 #nome# tem #level#% de liderança feminina! CEO nata! 📈🔥",
    "presidenta": "🎩👸 #nome# tem #level#% de presidência! Comando feminino! 🏛️💅",
    "rainha": "👑💎 #nome# tem #level#% de realeza absoluta! Majestade em pessoa! 🏰✨",
    "patroa": "💼👸 #nome# tem #level#% de autoridade feminina! Boss lady! 💅💰",
    "playboy": "🏎️💎 #nome# tem #level#% de ostentação feminina! Vida de luxo! 🥂👑",
    "zueira": "🤪🎪 #nome# tem #level#% de zoeira feminina! Palhaça da turma! 🎭😂",
    "gamer": "🎮👸 #nome# tem #level#% de gamer girl! Player profissional! 🏆💅",
    "programadora": "💻💄 #nome# tem #level#% de código feminino! Developer fashion! 🖥️💎",
    "visionaria": "👀🔮 #nome# tem #level#% de visão futurista! Oráculo moderno! 🌟🦋",
    "bilionaria": "💵👑 #nome# tem #level#% de fortuna feminina! Magnata de salto alto! 💎🏦",
    "poderosa": "🔥👸 #nome# tem #level#% de poder feminino! Força que move o mundo! ⚡💅",
    "vencedora": "🏆💋 #nome# tem #level#% de vitória feminina! Champions da vida! 🎯👑",
    "senhora": "👵💎 #nome# tem #level#% de elegância madura! Sabedoria feminina! 📚🌹",
    "fofoqueira": "💬👸 #nome# tem #level#% de fofoca elegante! Rede social living! 👑💕",
    "dorminhoca": "😴👸 #nome# vibra em #level#% de sono deep! Early bird é mito! 💤🛌",
    "comilona": "🍕💕 #nome# marca #level#% de gourmandismo feminino! Food is love! 🍰👸",
    "sedentaria": "📺👸 #nome# tem #level#% de lifestyle chill! Netflix queen confirmed! 🎬🛋️",
    "atleta": "💪🏃‍♀️ #nome# registra #level#% de performance fitness! Gym girl strong! 🏋️⚡",
    "estudiosa": "📚👑 #nome# exibe #level#% de dedicação acadêmica! Scholar mode on! 🎓📖",
    "romantica": "💕🌹 #nome# vibra em #level#% de romance puro! Chuva de meteoros included! 🌹✨",
    "ciumenta": "👀💚 #nome# marca #level#% de ciúmes passional! Little green monster! 👑💚",
    "extrovertida": "🎉💃 #nome# tem #level#% de energia social! Party starter confirmed! 🎊🔥",
    "introvertida": "📖🛋️ #nome# opera em #level#% de paz interior! Book and blanket life! 🌸😌",
    "calma": "🧘‍♀️☮️ #nome# exibe #level#% de serenidade total! Zen master vibes! 🌸🕉️",
    "nervosa": "😬👸 #nome# registra #level#% de ansiedade ativa! Anxious but cute! 💫🤔",
    "organizada": "📋👑 #nome# marca #level#% de organização extreme! Marie Kondo mode! ✨📁",
    "bagunceira": "🌀💫 #nome# tem #level#% de caos lovely! Beautiful mess energy! 🌈😂",
    "economica": "💰👸 #nome# vibra em #level#% de economia inteligente! Penny pincher chic! 💕😏",
    "gastadora": "🛍️👑 #nome# opera em #level#% de consumo style! Shopping queen! 💳🛒",
    "saudavel": "🥗👸 #nome# exibe #level#% de wellness lifestyle! Açaí and yoga! 🥬💚",
    "doente": "🤒🌧️ #nome# registra #level#% de system baixa! Flu season survivor! 😷🌧️",
    "supersticiosa": "🔮👑 #nome# tem #level#% de superstição active! Lucky charm carrier! 🍀🔮",
    "cetica": "🔬👸 #nome# marca #level#% de ceticismo racional! Science over superstition! 💫🤔",
    "religiosa": "🙏✝️ #nome# vibra em #level#% de fé strong! Prayer warrior! 👑💪",
    "ateia": "🧠⚡ #nome# opera em #level#% de racionalismo puro! Logic first! 💫🔬",
    "tradicional": "👗👸 #nome# exibe #level#% de conservadorismo clásico! Old school charm! 🏺👗",
    "moderna": "📱👑 #nome# registra #level#% de vibe contemporânea! Trendsetter energy! 🔥💫",
    "conservadora": "📋👸 #nome# tem #level#% de pensamento estruturado! Methodical queen! 👑📋",
    "liberal": "🌈👑 #nome# marca #level#% de mente aberta! Open mind empress! 💫🌟",
    "patriotica": "🇧🇷💛 #nome# vibra em #level#% de amor nacional! Brazil forever! 👑🇧🇷",
    "cosmopolita": "🌍👸 #nome# exibe #level#% de global citizen! World traveler soul! ✈️🌟",
    "rural": "🌻🐄 #nome# registra #level#% de essência caipira! Country life sweet! 🌸💕",
    "urbana": "🏙️👑 #nome# tem #level#% de alma metropolitana! City girl strong! 💪🏗️",
    "aventureira": "🗺️👸 #nome# marca #level#% de espírito explorador! Adventure calls! ⛰️🔍",
    "caseira": "🏠💕 #nome# vibra em #level#% de comfort zone sweet! Home is where heart is! 👑🏠",
    "viajante": "✈️👸 #nome# opera em #level#% de wanderlust strong! Passport stamp collector! 📋🌍",
    "local": "🏠👥 #nome# exibe #level#% de amor regional! My city, my pride! 💕👑",
    "global": "🌍💚 #nome# registra #level#% de consciência mundial! Planet protector! 👑🌍",
    "tecnologica": "💻⚡ #nome# tem #level#% de digital vibe! Tech girl coding! 💕🔧",
    "analogica": "📻👸 #nome# marca #level#% de nostalgia analog! Vintage soul! 💫📰",
    "digital": "💾🔥 #nome# vibra em #level#% de modernidade pura! Digital native! ⚡💻",
    "offline": "📵🧘‍♀️ #nome# opera em #level#% de pausa digital! Detox mode strong! 📚🌿",
    "online": "🌐📱 #nome# exibe #level#% de presença virtual! Always connected queen! 💫👑",
    "social": "🤝✨ #nome# registra #level#% de carisma star! People magnet! ⚡👥",
    "antisocial": "😶🌙 #nome# tem #level#% de solitude beautiful! Introvert power! 💫🖤",
    "popular": "🌟👑 #nome# marca #level#% de popularidade natural! Everyone loves #nome#! 💫⭐",
    "solitaria": "🧘‍♀️💪 #nome# vibra em #level#% de auto-dependency! Independent woman! 👑🦸‍♀️",
    "lider": "👑⚡ #nome# exibe #level#% de liderança natural! Boss lady energy! 🔥💪",
    "seguidora": "🤝👸 #nome# registra #level#% de teamwork spirit! Team player princess! 👑🤝",
    "independente": "🦅🌟 #nome# tem #level#% de autonomia female! Free spirit! 💕🦅",
    "dependente": "💕🤝 #nome# marca #level#% de interdependência healthy! We strong together! 👑💪",
    "criativa": "🎨✨ #nome# vibra em #level#% de imaginação fértil! Artistic soul! 💫🖌️",
    "pratica": "🔧💡 #nome# opera em #level#% de pragmatismo eficaz! Solution finder! 👑🔧",
    "sonhadora": "🌟💭 #nome# exibe #level#% de visão poética! Dream chaser! 💫🌙",
    "realista": "👣🏢 #nome# registra #level#% de objetividade pura! Feet on ground! 👑📊",
    "otimista": "😊🌈 #nome# tem #level#% de esperança active! Glass half full! 💫🏆",
    "pessimista": "😔🛡️ #nome# marca #level#% de cautela protective! Better safe! 🤔👑",
    "confiante": "💪✨ #nome# vibra em #level#% de auto-estima blind! Confidence queen! 👑💫",
    "insegura": "🤔😕 #nome# opera em #level#% de hesitação normal! Overthinking mode! 💫😌",
    "madura": "🍷👸 #nome# exibe #level#% de sabedoria gained! Life lessons learned! 👑📚",
    "infantil": "🍭👸 #nome# registra #level#% de coração jovem! Forever young spirit! 💕🌈",
    "seria": "👔👸 #nome# tem #level#% de formalidade professional! Business woman! 👑💼",
    "brincalhona": "😂👑 #nome# marca #level#% de humor female! Comedy queen energy! 🎪💫",
    "responsavel": "📋✅ #nome# vibra em #level#% de commitment active! Reliable af! 👑📋",
    "irresponsavel": "🤷‍♀️🎢 #nome# opera em #level#% de improv style! YOLO life! 💫😎"
}