{
    "rankgay": "🌈 *Rank dos Mais Gays* 🌈",
    "rankburro": "🐴 *Rank dos Mais Burricos* 🐴",
    "rankinteligente": "🧠 *Rank das Mais Inteligentes* 🧠",
    "rankotaku": "🎮 *Rank das Maiores Otakus* 🎮",
    "rankfiel": "💖 *Rank das Mais Fieis* 💖",
    "rankinfiel": "💔 *Rank das Mais Infieis* 💔",
    "rankcorno": "👑 *Rank dos Reis do Corno* 👑",
    "rankgado": "🐄 *Rank dos Maiores Gados* 🐄",
    "rankgostoso": "🔥 *Rank dos Mais Gostosos* 🔥",
    "rankrico": "💰 *Rank dos Mais Ricos* 💰",
    "rankpobre": "💸 *Rank das Mais Pobres* 💸",
    "rankforte": "💪 *Rank das Mais Fortes* 💪",
    "rankpegador": "🔥 *Rank dos Maiores Pegadores* 🔥",
    "rankmacho": "👊 *Rank dos Machos Alfa* 👊",
    "ranknerd": "📚 *Rank das Maiores Nerds* 📚",
    "ranktrabalhador": "💼 *Rank dos Mais Trabalhadores* 💼",
    "rankbrabo": "💥 *Rank dos Mais Bravos* 💥",
    "ranklindo": "😍 *Rank dos Mais Lindos* 😍",
    "rankmalandro": "😎 *Rank dos Mais Malandros* 😎",
    "rankengracado": "😂 *Rank dos Mais Engraçados* 😂",
    "rankcharmoso": "✨ *Rank dos Mais Charmosos* ✨",
    "rankvisionario": "🔮 *Rank dos Maior Visionários* 🔮",
    "rankpoderoso": "⚡ *Rank dos Mais Poderosos* ⚡",
    "rankvencedor": "🏆 *Rank dos Maiores Vencedores* 🏆",
    "ranklesbica": "🌈 *Rank das Mais Lésbicas* 🌈",
    "rankburra": "🐴 *Rank das Mais Burras* 🐴",
    "rankcorna": "👑 *Rank das Rainhas do Corno* 👑",
    "rankgada": "🐄 *Rank das Maiores Gadas* 🐄",
    "rankgostosa": "🔥 *Rank das Mais Gostosas* 🔥",
    "rankrica": "💰 *Rank das Mais Ricas* 💰",
    "rankpegadora": "🔥 *Rank das Maiores Pegadoras* 🔥",
    "ranktrabalhadora": "💼 *Rank das Mais Trabalhadoras* 💼",
    "rankbraba": "💥 *Rank das Mais Bravas* 💥",
    "ranklinda": "😍 *Rank das Mais Lindas* 😍",
    "rankmalandra": "😎 *Rank das Mais Malandras* 😎",
    "rankengracada": "😂 *Rank das Mais Engraçadas* 😂",
    "rankcharmosa": "✨ *Rank das Mais Charmosas* ✨",
    "rankvisionaria": "🔮 *Rank das Maior Visionárias* 🔮",
    "rankpoderosa": "⚡ *Rank das Mais Poderosas* ⚡",
    "rankvencedora": "🏆 *Rank das Maiores Vencedoras* 🏆",
    "rankfofoqueiro": "🍷 *Rank dos Maiores Fofoqueiros* 🍷",
    "rankfofoqueira": "💬 *Rank das Maiores Fofoqueiras* 💬",
    "rankdorminhoco": "😴 *Rank dos Maiores Dorminhocos* 😴",
    "rankdorminhoca": "💤 *Rank das Maiores Dorminhocas* 💤",
    "rankcomilao": "🍕 *Rank dos Maiores Comilões* 🍕",
    "rankcomilona": "🍰 *Rank das Maiores Comilonas* 🍰",
    "ranksedentario": "🛋️ *Rank dos Maiores Sedentários* 🛋️",
    "ranksedentaria": "📺 *Rank das Maiores Sedentárias* 📺",
    "rankatleta": "💪 *Rank dos Maiores Atletas* 💪",
    "rankestudioso": "📚 *Rank dos Maiores Estudiosos* 📚",
    "rankestudiosa": "🎓 *Rank das Maiores Estudiosas* 🎓",
    "rankromantico": "💕 *Rank dos Mais Românticos* 💕",
    "rankromantica": "🌹 *Rank das Mais Românticas* 🌹",
    "rankciumento": "👀 *Rank dos Maiores Ciumentos* 👀",
    "rankciumenta": "💚 *Rank das Maiores Ciumentas* 💚",
    "rankextrovertido": "🎉 *Rank dos Mais Extrovertidos* 🎉",
    "rankextrovertida": "💃 *Rank das Mais Extrovertidas* 💃",
    "rankintrovertido": "📖 *Rank dos Mais Introvertidos* 📖",
    "rankintrovertida": "🛋️ *Rank das Mais Introvertidas* 🛋️",
    "rankcalmo": "🧘 *Rank dos Mais Calmos* 🧘",
    "rankcalma": "☮️ *Rank das Mais Calmas* ☮️",
    "ranknervoso": "😬 *Rank dos Mais Nervosos* 😬",
    "ranknervosa": "👸 *Rank das Mais Nervosas* 👸",
    "rankorganizado": "📋 *Rank dos Mais Organizados* 📋",
    "rankorganizada": "👑 *Rank das Mais Organizadas* 👑",
    "rankbagunceiro": "🌀 *Rank dos Maiores Bagunceiros* 🌀",
    "rankbagunceira": "💫 *Rank das Maiores Bagunceiras* 💫",
    "rankeconomico": "💰 *Rank dos Mais Econômicos* 💰",
    "rankeconomica": "👸 *Rank das Mais Econômicas* 👸",
    "rankgastador": "🛍️ *Rank dos Maiores Gastadores* 🛍️",
    "rankgastadora": "💳 *Rank das Maiores Gastadoras* 💳",
    "ranksaudavel": "🥗 *Rank dos Mais Saudáveis* 🥗",
    "ranksaudavel": "💚 *Rank das Mais Saudáveis* 💚",
    "ranktecnologico": "💻 *Rank dos Mais Tecnológicos* 💻",
    "ranktecnologica": "⚡ *Rank das Mais Tecnológicas* ⚡",
    "rankcriativo": "🎨 *Rank dos Mais Criativos* 🎨",
    "rankcriativa": "✨ *Rank das Mais Criativas* ✨",
    "ranklider": "👑 *Rank dos Maiores Líderes* 👑",
    "rankindependente": "🦅 *Rank dos Mais Independentes* 🦅",
    "rankindependente": "🌟 *Rank das Mais Independentes* 🌟",
    "rankconfiante": "💪 *Rank dos Mais Confiantes* 💪",
    "rankotimista": "😊 *Rank dos Mais Otimistas* 😊",
    "rankmaduro": "🍷 *Rank dos Mais Maduros* 🍷",
    "rankmadura": "👸 *Rank das Mais Maduras* 👸",
    "rankbrincalhao": "😂 *Rank dos Mais Brincalhões* 😂",
    "rankbrincalhona": "👑 *Rank das Mais Brincalhonas* 👑",
    "rankresponsavel": "📋 *Rank dos Mais Responsáveis* 📋"
}
