{
  "palavras": {
    "4": [
      "amor",
      "fogo",
      "gato",
      "hora",
      "jogo",
      "rosa",
      "tipo",
      "vida",
      "zona",
      "água",
      "bela",
      "casa",
      "dado",
      "fato",
      "gema",
      "jato",
      "lata",
      "mais",
      "nada",
      "ouro",
      "pato",
      "rato",
      "sala",
      "tela",
      "urso",
      "alma",
      "cara",
      "dedo",
      "eixo",
      "faca",
      "gala",
      "lago",
      "maça",
      "nave",
      "olho",
      "abel",
      "boca"
    ],
    "5": [
      "amigo",
      "barco",
      "canto",
      "dança",
      "entre",
      "falar",
      "gosto",
      "hotel",
      "igual",
      "jogar",
      "largo",
      "manga",
      "noite",
      "olhar",
      "prato",
      "quero",
      "risco",
      "saber",
      "tempo",
      "ursos",
      "vento",
      "zebra",
      "campo",
      "festa",
      "mundo",
      "papel",
      "reino",
      "sabor",
      "terra",
      "verde",
      "abrir",
      "banco",
      "clara",
      "drama",
      "errar",
      "frase",
      "grilo",
      "humor",
      "ideia",
      "janta",
      "lindo",
      "medir",
      "nobre",
      "ordem",
      "porta",
      "quota",
      "rapaz",
      "sinal",
      "total",
      "ultra",
      "valor",
      "yogur",
      "beira",
      "coisa",
      "diabo",
      "exato",
      "forno",
      "grama",
      "idade",
      "julho",
      "leite",
      "morar",
      "nervo",
      "ossos",
      "pedra",
      "quase",
      "razão",
      "sopro",
      "trono",
      "união",
      "viver",
      "andar",
      "bravo",
      "calma",
      "deusa",
      "ainda",
      "baixo",
      "carro",
      "dizer",
      "estar",
      "filho",
      "grupo",
      "haver",
      "levar",
      "mesmo",
      "nunca",
      "outro",
      "pedir",
      "quais",
      "resto",
      "sobre",
      "tomar",
      "único",
      "volta",
      "sonho",
      "acaso",
      "bicho",
      "carta",
      "dente"
    ],
    "6": [
      "desejo",
      "jardim",
      "tulipa",
      "zênite",
      "aurora",
      "hálito",
      "mágico",
      "néctar",
      "pérola",
      "quasar",
      "safira",
      "zircão",
      "fígado",
      "joelho",
      "abelha",
      "iguana",
      "jacaré",
      "macaco",
      "raposa",
      "janela",
      "caneta",
      "cavalo",
      "ovelha",
      "árvore",
      "planta",
      "branco",
      "escola",
      "cidade",
      "brasil",
      "inglês",
      "alemão",
      "chinês"
    ],
    "7": [
      "estrela",
      "quintal",
      "cristal",
      "topázio",
      "violeta",
      "coração",
      "formiga",
      "hamster",
      "cadeira",
      "passaro",
      "galinha",
      "lagarto",
      "tubarão",
      "lagosta",
      "camarão"
    ],
    "8": [
      "fogueira",
      "girassol",
      "harmonia",
      "natureza",
      "universo",
      "diamante",
      "estômago",
      "garganta",
      "cachorro",
      "telefone",
      "papagaio",
      "flamingo",
      "elefante",
      "camaleão",
      "serpente",
      "golfinho",
      "sardinha",
      "linguado",
      "bacalhau"
    ]
  }
}